{
  "Non-attack": {
    "precision": [
      0.9725149322585345,
      0.9672693869657707,
      0.9746096600029184,
      0.976057852047298,
      0.9765148186123724,
      0.9749975583553081,
      0.9699902723735409,
      0.9732025826496432,
      0.9716146592787013,
      0.9746428048958892
    ],
    "recall": [
      1.0,
      0.9999500199920032,
      1.0,
      0.9999499424337989,
      0.999950002499875,
      1.0,
      0.9999498596068993,
      1.0,
      1.0,
      1.0
    ],
    "f1-score": [
      0.9860659773510586,
      0.983338248304335,
      0.9871415903044635,
      0.9878594565190515,
      0.9880934736426066,
      0.987340520225497,
      0.9847422476792416,
      0.9864193278551395,
      0.9856029977319791,
      0.9871585913962563
    ],
    "support": [
      20027.0,
      20008.0,
      20037.0,
      19977.0,
      20001.0,
      19966.0,
      19944.0,
      20047.0,
      19990.0,
      19987.0
    ]
  },
  "reentrancy": {
    "precision": [
      1.0,
      1.0,
      1.0,
      1.0,
      1.0,
      1.0,
      1.0,
      1.0,
      1.0,
      1.0
    ],
    "recall": [
      0.6978021978021978,
      0.654639175257732,
      0.6104972375690608,
      0.7794871794871795,
      0.6988950276243094,
      0.66,
      0.6674528301886793,
      0.7120418848167539,
      0.7394366197183099,
      0.7373737373737373
    ],
    "f1-score": [
      0.8220064724919094,
      0.7912772585669782,
      0.758147512864494,
      0.8760806916426513,
      0.8227642276422764,
      0.7951807228915663,
      0.8005657708628006,
      0.8318042813455657,
      0.8502024291497976,
      0.8488372093023255
    ],
    "support": [
      364.0,
      388.0,
      362.0,
      390.0,
      362.0,
      400.0,
      424.0,
      382.0,
      426.0,
      396.0
    ]
  },
  "integer-overflow": {
    "precision": [
      1.0,
      1.0,
      1.0,
      1.0,
      1.0,
      1.0,
      1.0,
      1.0,
      1.0,
      1.0
    ],
    "recall": [
      0.38333333333333336,
      0.3333333333333333,
      0.2727272727272727,
      0.15517241379310345,
      0.38961038961038963,
      0.288135593220339,
      0.33962264150943394,
      0.23333333333333334,
      0.1509433962264151,
      0.37037037037037035
    ],
    "f1-score": [
      0.5542168674698795,
      0.5,
      0.42857142857142855,
      0.26865671641791045,
      0.5607476635514018,
      0.4473684210526316,
      0.5070422535211268,
      0.3783783783783784,
      0.26229508196721313,
      0.5405405405405406
    ],
    "support": [
      60.0,
      48.0,
      55.0,
      58.0,
      77.0,
      59.0,
      53.0,
      60.0,
      53.0,
      54.0
    ]
  },
  "call-injection": {
    "precision": [
      1.0,
      1.0,
      1.0,
      0.9960629921259843,
      1.0,
      0.9964788732394366,
      1.0,
      1.0,
      1.0,
      1.0
    ],
    "recall": [
      0.3339622641509434,
      0.16512059369202226,
      0.44567219152854515,
      0.45340501792114696,
      0.48534798534798534,
      0.5080789946140036,
      0.32269503546099293,
      0.3089108910891089,
      0.279383429672447,
      0.3978494623655914
    ],
    "f1-score": [
      0.5007072135785007,
      0.28343949044585987,
      0.6165605095541401,
      0.6231527093596059,
      0.6535141800246609,
      0.6730083234244947,
      0.4879356568364611,
      0.4720121028744327,
      0.4367469879518072,
      0.5692307692307692
    ],
    "support": [
      530.0,
      539.0,
      543.0,
      558.0,
      546.0,
      557.0,
      564.0,
      505.0,
      519.0,
      558.0
    ]
  },
  "honeypot": {
    "precision": [
      0.0,
      1.0,
      1.0,
      1.0,
      0.8888888888888888,
      1.0,
      0.0,
      1.0,
      1.0,
      1.0
    ],
    "recall": [
      0.0,
      0.038461538461538464,
      0.08108108108108109,
      0.09433962264150944,
      0.1509433962264151,
      0.07407407407407407,
      0.0,
      0.125,
      0.08,
      0.10256410256410256
    ],
    "f1-score": [
      0.0,
      0.07407407407407407,
      0.15,
      0.1724137931034483,
      0.25806451612903225,
      0.13793103448275862,
      0.0,
      0.2222222222222222,
      0.14814814814814814,
      0.18604651162790697
    ],
    "support": [
      58.0,
      52.0,
      37.0,
      53.0,
      53.0,
      54.0,
      52.0,
      40.0,
      50.0,
      39.0
    ]
  },
  "flashloan attack": {
    "precision": [
      0.0,
      0.5,
      0.0,
      0.5555555555555556,
      0.3333333333333333,
      0.0,
      0.75,
      1.0,
      1.0,
      1.0
    ],
    "recall": [
      0.0,
      0.08333333333333333,
      0.0,
      0.45454545454545453,
      0.375,
      0.0,
      0.3,
      0.07692307692307693,
      0.1111111111111111,
      0.15384615384615385
    ],
    "f1-score": [
      0.0,
      0.14285714285714285,
      0.0,
      0.5,
      0.35294117647058826,
      0.0,
      0.42857142857142855,
      0.14285714285714285,
      0.2,
      0.26666666666666666
    ],
    "support": [
      8.0,
      12.0,
      13.0,
      11.0,
      8.0,
      11.0,
      10.0,
      13.0,
      9.0,
      13.0
    ]
  },
  "macro avg": {
    "precision": [
      0.6620858220430891,
      0.9112115644942951,
      0.8291016100004863,
      0.9212793999548063,
      0.8664561734724324,
      0.8285794052657908,
      0.7866650453955901,
      0.9955337637749405,
      0.9952691098797836,
      0.9957738008159817
    ],
    "recall": [
      0.40251629921441245,
      0.3791396656783271,
      0.40166296381766003,
      0.4894832718036988,
      0.5166244668848291,
      0.4217147769847362,
      0.43828672779433414,
      0.4093681976937122,
      0.3934790927880472,
      0.46033397108665924
    ],
    "f1-score": [
      0.4771660884818914,
      0.46249770237473165,
      0.4900701735490876,
      0.5713605611737779,
      0.6060208729100943,
      0.5068048370128246,
      0.5348095595785097,
      0.5056155759221469,
      0.4804992741581575,
      0.566413381460744
    ],
    "support": [
      21047.0,
      21047.0,
      21047.0,
      21047.0,
      21047.0,
      21047.0,
      21047.0,
      21047.0,
      21047.0,
      21047.0
    ]
  },
  "weighted avg": {
    "precision": [
      0.9707111012658178,
      0.9686000805060645,
      0.9752104222681843,
      0.9769383746408647,
      0.9771487938824459,
      0.9756658897950513,
      0.9689735350509763,
      0.9744758005595762,
      0.973040197604468,
      0.9759198812873159
    ],
    "recall": [
      0.9731078063381955,
      0.9677863828574144,
      0.9748657765952392,
      0.9764812087233334,
      0.9768137976908823,
      0.9756259799496365,
      0.9706371454364042,
      0.9737729842732931,
      0.9722525775644985,
      0.9752933909820877
    ],
    "f1-score": [
      0.9666832099416309,
      0.9580456726048168,
      0.9701011654794889,
      0.9718287197715164,
      0.9729270431836272,
      0.9711608193486252,
      0.963818783614706,
      0.9675636597798409,
      0.9651813034151534,
      0.9704005673093938
    ],
    "support": [
      21047.0,
      21047.0,
      21047.0,
      21047.0,
      21047.0,
      21047.0,
      21047.0,
      21047.0,
      21047.0,
      21047.0
    ]
  },
  "auc": [
    0.7225490196078431,
    0.6741809772722287,
    0.7415841584158416,
    0.7710030086000771,
    0.7700514830855015,
    0.7631822386679001,
    0.7202831800301042,
    0.724,
    0.7237464522232735,
    0.7547169811320755
  ]
}