{
  "Non-attack": {
    "precision": [
      0.9614497212074601,
      0.9618324280151901,
      0.9658049580399344,
      0.9588435864188638,
      0.960502261137304,
      0.9602152604266769,
      0.9601517115560037,
      0.9616323015835048,
      0.9631943109744379,
      0.9645804178931622
    ],
    "recall": [
      1.0,
      1.0,
      1.0,
      1.0,
      1.0,
      1.0,
      1.0,
      1.0,
      1.0,
      1.0
    ],
    "f1-score": [
      0.9803460275449689,
      0.9805449377634029,
      0.9826050688191565,
      0.9789894334256785,
      0.9798532551348433,
      0.9797038925384841,
      0.979670814147154,
      0.9804409325919422,
      0.9812521415634637,
      0.9819709176655531
    ],
    "support": [
      20002.0,
      20009.0,
      20025.0,
      19966.0,
      19965.0,
      19984.0,
      19999.0,
      20101.0,
      20046.0,
      19989.0
    ]
  },
  "reentrancy": {
    "precision": [
      1.0,
      1.0,
      1.0,
      1.0,
      1.0,
      1.0,
      1.0,
      1.0,
      1.0,
      1.0
    ],
    "recall": [
      0.6222826086956522,
      0.4441340782122905,
      0.6105527638190955,
      0.41265822784810124,
      0.628428927680798,
      0.6216931216931217,
      0.3805970149253731,
      0.3960674157303371,
      0.6121372031662269,
      0.6343283582089553
    ],
    "f1-score": [
      0.7671691792294807,
      0.6150870406189555,
      0.7581903276131046,
      0.5842293906810035,
      0.7718223583460949,
      0.766721044045677,
      0.5513513513513514,
      0.5674044265593562,
      0.7594108019639935,
      0.776255707762557
    ],
    "support": [
      368.0,
      358.0,
      398.0,
      395.0,
      401.0,
      378.0,
      402.0,
      356.0,
      379.0,
      402.0
    ]
  },
  "integer-overflow": {
    "precision": [
      1.0,
      1.0,
      1.0,
      1.0,
      1.0,
      0.0,
      1.0,
      1.0,
      0.0,
      0.0
    ],
    "recall": [
      0.078125,
      0.08928571428571429,
      0.09523809523809523,
      0.14492753623188406,
      0.08,
      0.0,
      0.0392156862745098,
      0.017857142857142856,
      0.0,
      0.0
    ],
    "f1-score": [
      0.14492753623188406,
      0.16393442622950818,
      0.17391304347826086,
      0.25316455696202533,
      0.14814814814814814,
      0.0,
      0.07547169811320754,
      0.03508771929824561,
      0.0,
      0.0
    ],
    "support": [
      64.0,
      56.0,
      63.0,
      69.0,
      50.0,
      68.0,
      51.0,
      56.0,
      45.0,
      60.0
    ]
  },
  "call-injection": {
    "precision": [
      1.0,
      1.0,
      1.0,
      1.0,
      1.0,
      0.0,
      1.0,
      1.0,
      1.0,
      1.0
    ],
    "recall": [
      0.0055658627087198514,
      0.14414414414414414,
      0.126,
      0.0918918918918919,
      0.005208333333333333,
      0.0,
      0.11567164179104478,
      0.004310344827586207,
      0.005758157389635317,
      0.12754158964879853
    ],
    "f1-score": [
      0.01107011070110701,
      0.25196850393700787,
      0.22380106571936056,
      0.16831683168316833,
      0.010362694300518135,
      0.0,
      0.20735785953177258,
      0.008583690987124463,
      0.011450381679389313,
      0.2262295081967213
    ],
    "support": [
      539.0,
      555.0,
      500.0,
      555.0,
      576.0,
      550.0,
      536.0,
      464.0,
      521.0,
      541.0
    ]
  },
  "honeypot": {
    "precision": [
      0.8333333333333334,
      0.0,
      1.0,
      0.0,
      0.0,
      0.0,
      1.0,
      0.0,
      0.0,
      0.0
    ],
    "recall": [
      0.07692307692307693,
      0.0,
      0.02127659574468085,
      0.0,
      0.0,
      0.0,
      0.022727272727272728,
      0.0,
      0.0,
      0.0
    ],
    "f1-score": [
      0.14084507042253522,
      0.0,
      0.041666666666666664,
      0.0,
      0.0,
      0.0,
      0.044444444444444446,
      0.0,
      0.0,
      0.0
    ],
    "support": [
      65.0,
      60.0,
      47.0,
      45.0,
      44.0,
      51.0,
      44.0,
      57.0,
      45.0,
      43.0
    ]
  },
  "flashloan attack": {
    "precision": [
      0.0,
      0.0,
      0.0,
      0.0,
      1.0,
      0.0,
      0.0,
      0.0,
      0.0,
      0.0
    ],
    "recall": [
      0.0,
      0.0,
      0.0,
      0.0,
      0.18181818181818182,
      0.0,
      0.0,
      0.0,
      0.0,
      0.0
    ],
    "f1-score": [
      0.0,
      0.0,
      0.0,
      0.0,
      0.3076923076923077,
      0.0,
      0.0,
      0.0,
      0.0,
      0.0
    ],
    "support": [
      9.0,
      9.0,
      14.0,
      17.0,
      11.0,
      16.0,
      15.0,
      13.0,
      11.0,
      12.0
    ]
  },
  "macro avg": {
    "precision": [
      0.7991305090901322,
      0.6603054046691984,
      0.8276341596733223,
      0.659807264403144,
      0.8267503768562173,
      0.32670254340444616,
      0.8266919519260005,
      0.6602720502639174,
      0.4938657184957396,
      0.49409673631552703
    ],
    "recall": [
      0.2971494247212415,
      0.2795939894403581,
      0.3088445758003119,
      0.2749129426619795,
      0.3159092404720522,
      0.27028218694885364,
      0.2597019359530334,
      0.23637248390251106,
      0.26964922675931036,
      0.2936449913096257
    ],
    "f1-score": [
      0.3407263206883293,
      0.3352558180914791,
      0.36336269538275817,
      0.3307833687919793,
      0.369646460603652,
      0.29107082276402685,
      0.30971602793132164,
      0.26525279490611137,
      0.2920188875344744,
      0.33074268893747194
    ],
    "support": [
      21047.0,
      21047.0,
      21047.0,
      21047.0,
      21047.0,
      21047.0,
      21047.0,
      21047.0,
      21047.0,
      21047.0
    ]
  },
  "weighted avg": {
    "precision": [
      0.9624214372717387,
      0.9604364067162037,
      0.9668002225851516,
      0.9580116428203085,
      0.9604422313681891,
      0.9296784227855139,
      0.9614231994777649,
      0.9600309257438129,
      0.9601460140539546,
      0.9608969436625846
    ],
    "recall": [
      0.9618472941511854,
      0.9622749085380339,
      0.9663134888582696,
      0.9592816078300945,
      0.9609920653774885,
      0.9606594764099396,
      0.96056445099064,
      0.9618948068608353,
      0.9636052644082292,
      0.9651256711170239
    ],
    "f1-score": [
      0.9462439579263134,
      0.9497290667460164,
      0.9551594831294611,
      0.9449402685946041,
      0.9449817997421511,
      0.9439931174579906,
      0.9469771597016455,
      0.9462530007499638,
      0.9485419666736595,
      0.9532504219922893
    ],
    "support": [
      21047.0,
      21047.0,
      21047.0,
      21047.0,
      21047.0,
      21047.0,
      21047.0,
      21047.0,
      21047.0,
      21047.0
    ]
  },
  "auc": [
    0.6162679425837321,
    0.617533718689788,
    0.6531311154598826,
    0.6036077705827937,
    0.6206099815157117,
    0.6105362182502352,
    0.6040076335877862,
    0.5761099365750528,
    0.6173826173826173,
    0.6531190926275993
  ]
}