{
  "Non-attack": {
    "precision": [
      0.9861569535445096,
      0.9923046370767551,
      0.983380863408398,
      0.9867106364128563,
      0.9836702572426343,
      0.986986098787341,
      0.9878090913577809,
      0.9860494922606724,
      0.9829274292742928,
      0.9880869995056847
    ],
    "recall": [
      0.9999500474549178,
      1.0,
      0.9999000099990001,
      1.0,
      0.9998500149985001,
      0.9998002596624388,
      0.9997502372745891,
      0.9999000249937515,
      0.999949947444817,
      0.9996999249812453
    ],
    "f1-score": [
      0.9930056054367776,
      0.9961374567021356,
      0.991571641051066,
      0.9933108710732336,
      0.9916941462326135,
      0.9933518555268902,
      0.9937437934458788,
      0.9929264600034747,
      0.991365621278285,
      0.9938595400870106
    ],
    "support": [
      20019.0,
      19987.0,
      20002.0,
      20047.0,
      20002.0,
      20026.0,
      20019.0,
      20005.0,
      19979.0,
      19995.0
    ]
  },
  "reentrancy": {
    "precision": [
      1.0,
      1.0,
      0.9961832061068703,
      1.0,
      1.0,
      1.0,
      1.0,
      1.0,
      1.0,
      1.0
    ],
    "recall": [
      0.8133333333333334,
      0.8090452261306532,
      0.725,
      0.7918781725888325,
      0.7804232804232805,
      0.7391304347826086,
      0.7606382978723404,
      0.75,
      0.7468982630272953,
      0.8115183246073299
    ],
    "f1-score": [
      0.8970588235294118,
      0.8944444444444445,
      0.8392282958199357,
      0.8838526912181303,
      0.8766716196136701,
      0.85,
      0.8640483383685801,
      0.8571428571428571,
      0.8551136363636364,
      0.8959537572254336
    ],
    "support": [
      375.0,
      398.0,
      360.0,
      394.0,
      378.0,
      391.0,
      376.0,
      396.0,
      403.0,
      382.0
    ]
  },
  "integer-overflow": {
    "precision": [
      1.0,
      1.0,
      1.0,
      1.0,
      1.0,
      1.0,
      1.0,
      1.0,
      1.0,
      1.0
    ],
    "recall": [
      0.7068965517241379,
      0.6833333333333333,
      0.639344262295082,
      0.7666666666666667,
      0.6530612244897959,
      0.6612903225806451,
      0.86,
      0.6825396825396826,
      0.7368421052631579,
      0.7272727272727273
    ],
    "f1-score": [
      0.8282828282828283,
      0.8118811881188119,
      0.78,
      0.8679245283018868,
      0.7901234567901234,
      0.7961165048543689,
      0.9247311827956989,
      0.8113207547169812,
      0.8484848484848485,
      0.8421052631578947
    ],
    "support": [
      58.0,
      60.0,
      61.0,
      60.0,
      49.0,
      62.0,
      50.0,
      63.0,
      57.0,
      55.0
    ]
  },
  "call-injection": {
    "precision": [
      1.0,
      0.9941291585127201,
      1.0,
      1.0,
      0.9971671388101983,
      0.9926289926289926,
      1.0,
      0.9974424552429667,
      0.9971181556195965,
      0.9953703703703703
    ],
    "recall": [
      0.699443413729128,
      0.9304029304029304,
      0.6849557522123894,
      0.7142857142857143,
      0.6342342342342342,
      0.793713163064833,
      0.782051282051282,
      0.7414448669201521,
      0.6360294117647058,
      0.7861060329067642
    ],
    "f1-score": [
      0.8231441048034934,
      0.9612109744560076,
      0.8130252100840336,
      0.8333333333333334,
      0.775330396475771,
      0.8820960698689956,
      0.8776978417266187,
      0.8505997818974919,
      0.77665544332211,
      0.8784473953013279
    ],
    "support": [
      539.0,
      546.0,
      565.0,
      490.0,
      555.0,
      509.0,
      546.0,
      526.0,
      544.0,
      547.0
    ]
  },
  "honeypot": {
    "precision": [
      0.7333333333333333,
      0.8846153846153846,
      0.8421052631578947,
      0.9230769230769231,
      0.875,
      0.9,
      0.7692307692307693,
      0.9090909090909091,
      0.875,
      0.8636363636363636
    ],
    "recall": [
      0.2682926829268293,
      0.5111111111111111,
      0.3333333333333333,
      0.2926829268292683,
      0.42,
      0.4,
      0.2564102564102564,
      0.46511627906976744,
      0.40384615384615385,
      0.3584905660377358
    ],
    "f1-score": [
      0.39285714285714285,
      0.647887323943662,
      0.47761194029850745,
      0.4444444444444444,
      0.5675675675675675,
      0.5538461538461539,
      0.38461538461538464,
      0.6153846153846154,
      0.5526315789473685,
      0.5066666666666667
    ],
    "support": [
      41.0,
      45.0,
      48.0,
      41.0,
      50.0,
      45.0,
      39.0,
      43.0,
      52.0,
      53.0
    ]
  },
  "flashloan attack": {
    "precision": [
      0.1,
      0.4,
      0.5,
      0.5555555555555556,
      0.5,
      0.75,
      0.29411764705882354,
      0.375,
      0.0,
      0.38461538461538464
    ],
    "recall": [
      0.06666666666666667,
      0.18181818181818182,
      0.09090909090909091,
      0.3333333333333333,
      0.46153846153846156,
      0.21428571428571427,
      0.29411764705882354,
      0.21428571428571427,
      0.0,
      0.3333333333333333
    ],
    "f1-score": [
      0.08,
      0.25,
      0.15384615384615385,
      0.4166666666666667,
      0.48,
      0.3333333333333333,
      0.29411764705882354,
      0.2727272727272727,
      0.0,
      0.35714285714285715
    ],
    "support": [
      15.0,
      11.0,
      11.0,
      15.0,
      13.0,
      14.0,
      17.0,
      14.0,
      12.0,
      15.0
    ]
  },
  "macro avg": {
    "precision": [
      0.803248381146307,
      0.87850819670081,
      0.8869448887788605,
      0.9108905191742225,
      0.8926395660088055,
      0.9382691819027222,
      0.8418595846078957,
      0.8779304760990914,
      0.8091742641489815,
      0.8719515196879671
    ],
    "recall": [
      0.5924304493058355,
      0.6859517971327017,
      0.5789070747914826,
      0.6498078022839692,
      0.6581845359473787,
      0.6347033157293733,
      0.6588279534445486,
      0.642214427968178,
      0.5872609802243549,
      0.6694034848565226
    ],
    "f1-score": [
      0.669058084151609,
      0.7602602312775103,
      0.6758805401832828,
      0.7399220891729493,
      0.7468978644466242,
      0.7347906529049569,
      0.7231590313351641,
      0.7333502903121155,
      0.6707085213993746,
      0.7456959132635318
    ],
    "support": [
      21047.0,
      21047.0,
      21047.0,
      21047.0,
      21047.0,
      21047.0,
      21047.0,
      21047.0,
      21047.0,
      21047.0
    ]
  },
  "weighted avg": {
    "precision": [
      0.9856721964970876,
      0.9919796167676506,
      0.9835193156613689,
      0.9868754509121497,
      0.9838005533998591,
      0.9870590474444552,
      0.987406765804695,
      0.9860747723297126,
      0.9828402806161524,
      0.9877801637169533
    ],
    "recall": [
      0.9860312633629496,
      0.9922079156174277,
      0.9837031405901079,
      0.9869340048462963,
      0.9837506532997576,
      0.9871715683945456,
      0.9875516700717442,
      0.986173801491899,
      0.9829429372357106,
      0.9879317717489429
    ],
    "f1-score": [
      0.9846723282866445,
      0.9916485593629517,
      0.9819496876192672,
      0.9856997206252066,
      0.9821300414768781,
      0.9860383962196768,
      0.9865585953790162,
      0.9850207068419753,
      0.9811709784106775,
      0.9870058835080476
    ],
    "support": [
      21047.0,
      21047.0,
      21047.0,
      21047.0,
      21047.0,
      21047.0,
      21047.0,
      21047.0,
      21047.0,
      21047.0
    ]
  },
  "auc": [
    0.8633018719764862,
    0.9268867924528301,
    0.8382275169612226,
    0.865,
    0.8410733328581017,
    0.8706151151397405,
    0.8797389318668665,
    0.8641534673913095,
    0.8375217902018093,
    0.8853062362548813
  ]
}