{
  "Non-attack": {
    "precision": [
      0.9627779645550165,
      0.9625753556788039,
      0.9623723260743882,
      0.9583672297458965,
      0.9637265764246833,
      0.9608908985953435,
      0.9667311411992263,
      0.9598422546049151,
      0.9618827606121859,
      0.9681633443003678
    ],
    "recall": [
      1.0,
      1.0,
      1.0,
      1.0,
      1.0,
      1.0,
      1.0,
      1.0,
      1.0,
      1.0
    ],
    "f1-score": [
      0.9810360437516823,
      0.9809308497567208,
      0.9808254155311679,
      0.9787410810282475,
      0.9815282718017907,
      0.980055442435542,
      0.9830841856805664,
      0.9795097052833059,
      0.9805710921401236,
      0.9838241801465165
    ],
    "support": [
      20046.0,
      19959.0,
      19975.0,
      20027.0,
      20006.0,
      19975.0,
      19992.0,
      19958.0,
      19986.0,
      20010.0
    ]
  },
  "reentrancy": {
    "precision": [
      1.0,
      1.0,
      1.0,
      1.0,
      1.0,
      1.0,
      1.0,
      1.0,
      1.0,
      1.0
    ],
    "recall": [
      0.3788300835654596,
      0.6231527093596059,
      0.7153846153846154,
      0.3684210526315789,
      0.6170731707317073,
      0.38817480719794345,
      0.731457800511509,
      0.3907766990291262,
      0.6191646191646192,
      0.6370757180156658
    ],
    "f1-score": [
      0.5494949494949495,
      0.7678300455235205,
      0.8340807174887892,
      0.5384615384615384,
      0.7631975867269984,
      0.5592592592592592,
      0.844903988183161,
      0.5619546247818499,
      0.7647951441578149,
      0.7783094098883573
    ],
    "support": [
      359.0,
      406.0,
      390.0,
      380.0,
      410.0,
      389.0,
      391.0,
      412.0,
      407.0,
      383.0
    ]
  },
  "integer-overflow": {
    "precision": [
      1.0,
      1.0,
      0.0,
      1.0,
      1.0,
      1.0,
      1.0,
      1.0,
      1.0,
      1.0
    ],
    "recall": [
      0.10714285714285714,
      0.07407407407407407,
      0.0,
      0.04918032786885246,
      0.1896551724137931,
      0.13333333333333333,
      0.10526315789473684,
      0.12280701754385964,
      0.043478260869565216,
      0.01818181818181818
    ],
    "f1-score": [
      0.1935483870967742,
      0.13793103448275862,
      0.0,
      0.09375,
      0.3188405797101449,
      0.23529411764705882,
      0.19047619047619047,
      0.21875,
      0.08333333333333333,
      0.03571428571428571
    ],
    "support": [
      56.0,
      54.0,
      62.0,
      61.0,
      58.0,
      60.0,
      57.0,
      57.0,
      46.0,
      55.0
    ]
  },
  "call-injection": {
    "precision": [
      1.0,
      1.0,
      1.0,
      1.0,
      1.0,
      1.0,
      1.0,
      1.0,
      1.0,
      1.0
    ],
    "recall": [
      0.155893536121673,
      0.09407665505226481,
      0.014492753623188406,
      0.013513513513513514,
      0.04431599229287091,
      0.17406749555950266,
      0.13479052823315119,
      0.15302491103202848,
      0.025089605734767026,
      0.24721189591078066
    ],
    "f1-score": [
      0.26973684210526316,
      0.17197452229299362,
      0.02857142857142857,
      0.02666666666666667,
      0.08487084870848709,
      0.29652042360060515,
      0.2375601926163724,
      0.2654320987654321,
      0.04895104895104895,
      0.39642324888226527
    ],
    "support": [
      526.0,
      574.0,
      552.0,
      518.0,
      519.0,
      563.0,
      549.0,
      562.0,
      558.0,
      538.0
    ]
  },
  "honeypot": {
    "precision": [
      0.0,
      0.0,
      1.0,
      0.0,
      0.0,
      1.0,
      0.0,
      0.0,
      1.0,
      0.0
    ],
    "recall": [
      0.0,
      0.0,
      0.07272727272727272,
      0.0,
      0.0,
      0.037037037037037035,
      0.0,
      0.0,
      0.024390243902439025,
      0.0
    ],
    "f1-score": [
      0.0,
      0.0,
      0.13559322033898305,
      0.0,
      0.0,
      0.07142857142857142,
      0.0,
      0.0,
      0.047619047619047616,
      0.0
    ],
    "support": [
      52.0,
      44.0,
      55.0,
      45.0,
      45.0,
      54.0,
      48.0,
      41.0,
      41.0,
      49.0
    ]
  },
  "flashloan attack": {
    "precision": [
      1.0,
      0.0,
      0.0,
      0.0,
      1.0,
      0.0,
      1.0,
      0.0,
      0.0,
      1.0
    ],
    "recall": [
      0.25,
      0.0,
      0.0,
      0.0,
      0.1111111111111111,
      0.0,
      0.1,
      0.0,
      0.0,
      0.08333333333333333
    ],
    "f1-score": [
      0.4,
      0.0,
      0.0,
      0.0,
      0.2,
      0.0,
      0.18181818181818182,
      0.0,
      0.0,
      0.15384615384615385
    ],
    "support": [
      8.0,
      10.0,
      13.0,
      16.0,
      9.0,
      6.0,
      10.0,
      17.0,
      9.0,
      12.0
    ]
  },
  "macro avg": {
    "precision": [
      0.8271296607591694,
      0.6604292259464674,
      0.6603953876790647,
      0.6597278716243161,
      0.8272877627374472,
      0.8268151497658905,
      0.8277885235332043,
      0.6599737091008192,
      0.826980460102031,
      0.8280272240500614
    ],
    "recall": [
      0.315311079471665,
      0.29855057308099076,
      0.3004341069558461,
      0.23851914900232418,
      0.3270259077582471,
      0.2887687788546361,
      0.3452519144398995,
      0.27776810460083573,
      0.28535378827856506,
      0.33096712757359964
    ],
    "f1-score": [
      0.3989693704081115,
      0.3431110753426656,
      0.3298451303217281,
      0.27293654769274206,
      0.3914062144912369,
      0.35709296906183946,
      0.4063071231290787,
      0.3376077381384313,
      0.3208782777002281,
      0.3913528797462631
    ],
    "support": [
      21047.0,
      21047.0,
      21047.0,
      21047.0,
      21047.0,
      21047.0,
      21047.0,
      21047.0,
      21047.0,
      21047.0
    ]
  },
  "weighted avg": {
    "precision": [
      0.9620775919356612,
      0.9619442924879198,
      0.9607253866743908,
      0.957486601896758,
      0.963382614527116,
      0.9625977906324886,
      0.9661181629141888,
      0.9591643330358197,
      0.9633766738060127,
      0.967403835199808
    ],
    "recall": [
      0.9631776500213807,
      0.963082624602081,
      0.9628925737634817,
      0.9586639426046467,
      0.9642229296336771,
      0.9613721670546871,
      0.967311255760916,
      0.9603268874423908,
      0.9623699339573336,
      0.968736637050411
    ],
    "f1-score": [
      0.9511587166123296,
      0.9500783712849902,
      0.947427576887242,
      0.9419582409702774,
      0.950905418364973,
      0.949259994436495,
      0.9563012481554238,
      0.9475089843189298,
      0.9475015855364252,
      0.9598280275658352
    ],
    "support": [
      21047.0,
      21047.0,
      21047.0,
      21047.0,
      21047.0,
      21047.0,
      21047.0,
      21047.0,
      21047.0,
      21047.0
    ]
  },
  "auc": [
    0.612887112887113,
    0.6433823529411764,
    0.6357276119402986,
    0.5735294117647058,
    0.638328530259366,
    0.6208022388059702,
    0.6739336492890995,
    0.6166207529843893,
    0.6267672007540057,
    0.6827386692381872
  ]
}