{
  "Non-attack": {
    "precision": [
      0.9978101826506743,
      0.9971606475716065,
      0.9978522551321113,
      0.9975990396158463,
      0.9981988292390054,
      0.9971049216332235,
      0.9976052684094991,
      0.9977606369743718,
      0.9974571200638213,
      0.997595792637115
    ],
    "recall": [
      0.9994516450648055,
      0.9999000999000999,
      0.9993996998499249,
      0.9992484593416504,
      0.9994489530107203,
      0.9994496422674739,
      0.999750012499375,
      0.9996011566457274,
      0.9998500599760096,
      0.9995483288166215
    ],
    "f1-score": [
      0.9986302393345453,
      0.9985284948247911,
      0.9986253780210442,
      0.9984230682586168,
      0.9988234999624521,
      0.9982759051497964,
      0.9986764889499313,
      0.9986800488132892,
      0.9986521565495208,
      0.9985711062645709
    ],
    "support": [
      20060.0,
      20020.0,
      19990.0,
      19959.0,
      19962.0,
      19987.0,
      20001.0,
      20058.0,
      20008.0,
      19926.0
    ]
  },
  "reentrancy": {
    "precision": [
      0.9822485207100592,
      0.9944903581267218,
      0.9862637362637363,
      0.9923857868020305,
      0.9850374064837906,
      0.9923469387755102,
      0.9946666666666667,
      0.9856733524355301,
      0.9973684210526316,
      0.9883720930232558
    ],
    "recall": [
      0.9458689458689459,
      0.9376623376623376,
      0.9598930481283422,
      0.9678217821782178,
      0.9753086419753086,
      0.9652605459057072,
      0.9564102564102565,
      0.9608938547486033,
      0.959493670886076,
      0.9615384615384616
    ],
    "f1-score": [
      0.9637155297532656,
      0.9652406417112299,
      0.9728997289972899,
      0.9799498746867168,
      0.9801488833746899,
      0.9786163522012579,
      0.9751633986928104,
      0.9731258840169731,
      0.9780645161290322,
      0.9747706422018348
    ],
    "support": [
      351.0,
      385.0,
      374.0,
      404.0,
      405.0,
      403.0,
      390.0,
      358.0,
      395.0,
      442.0
    ]
  },
  "integer-overflow": {
    "precision": [
      1.0,
      1.0,
      1.0,
      1.0,
      1.0,
      1.0,
      1.0,
      1.0,
      1.0,
      1.0
    ],
    "recall": [
      0.9215686274509803,
      0.9344262295081968,
      0.9672131147540983,
      0.8958333333333334,
      0.984375,
      0.9074074074074074,
      0.9245283018867925,
      0.875,
      0.9622641509433962,
      0.953125
    ],
    "f1-score": [
      0.9591836734693877,
      0.9661016949152542,
      0.9833333333333333,
      0.945054945054945,
      0.9921259842519685,
      0.9514563106796117,
      0.9607843137254902,
      0.9333333333333333,
      0.9807692307692307,
      0.976
    ],
    "support": [
      51.0,
      61.0,
      61.0,
      48.0,
      64.0,
      54.0,
      53.0,
      72.0,
      53.0,
      64.0
    ]
  },
  "call-injection": {
    "precision": [
      0.9866156787762906,
      0.9980276134122288,
      0.9964349376114082,
      0.9792746113989638,
      0.9963963963963964,
      0.994328922495274,
      0.9942965779467681,
      0.9919191919191919,
      0.9943074003795066,
      0.9927797833935018
    ],
    "recall": [
      0.9828571428571429,
      0.9825242718446602,
      0.9824253075571178,
      0.9792746113989638,
      0.9857397504456328,
      0.9669117647058824,
      0.9757462686567164,
      0.9800399201596807,
      0.9794392523364486,
      0.9892086330935251
    ],
    "f1-score": [
      0.9847328244274809,
      0.9902152641878669,
      0.9893805309734514,
      0.9792746113989638,
      0.9910394265232975,
      0.9804287045666356,
      0.9849340866290018,
      0.9859437751004017,
      0.9868173258003766,
      0.990990990990991
    ],
    "support": [
      525.0,
      515.0,
      569.0,
      579.0,
      561.0,
      544.0,
      536.0,
      501.0,
      535.0,
      556.0
    ]
  },
  "honeypot": {
    "precision": [
      0.926829268292683,
      0.8837209302325582,
      0.7368421052631579,
      0.8787878787878788,
      0.868421052631579,
      0.8285714285714286,
      0.8775510204081632,
      0.8809523809523809,
      0.9310344827586207,
      0.875
    ],
    "recall": [
      0.7450980392156863,
      0.6785714285714286,
      0.6222222222222222,
      0.6041666666666666,
      0.75,
      0.6444444444444445,
      0.7543859649122807,
      0.7551020408163265,
      0.6136363636363636,
      0.56
    ],
    "f1-score": [
      0.8260869565217391,
      0.7676767676767676,
      0.6746987951807228,
      0.7160493827160493,
      0.8048780487804879,
      0.725,
      0.8113207547169812,
      0.8131868131868132,
      0.7397260273972602,
      0.6829268292682927
    ],
    "support": [
      51.0,
      56.0,
      45.0,
      48.0,
      44.0,
      45.0,
      57.0,
      49.0,
      44.0,
      50.0
    ]
  },
  "flashloan attack": {
    "precision": [
      0.6,
      0.5,
      0.75,
      0.6666666666666666,
      0.6666666666666666,
      0.75,
      0.75,
      1.0,
      1.0,
      0.4
    ],
    "recall": [
      0.3333333333333333,
      0.1,
      0.375,
      0.4444444444444444,
      0.18181818181818182,
      0.42857142857142855,
      0.3,
      0.3333333333333333,
      0.3333333333333333,
      0.2222222222222222
    ],
    "f1-score": [
      0.42857142857142855,
      0.16666666666666666,
      0.5,
      0.5333333333333333,
      0.2857142857142857,
      0.5454545454545454,
      0.42857142857142855,
      0.5,
      0.5,
      0.2857142857142857
    ],
    "support": [
      9.0,
      10.0,
      8.0,
      9.0,
      11.0,
      14.0,
      10.0,
      9.0,
      12.0,
      9.0
    ]
  },
  "macro avg": {
    "precision": [
      0.9155839417382845,
      0.8955665915571859,
      0.9112321723784023,
      0.9191189972118977,
      0.919120058569573,
      0.9270587019125727,
      0.9356865889051829,
      0.9760509270469124,
      0.9866945707090967,
      0.8756246115089787
    ],
    "recall": [
      0.8213629556318156,
      0.7721807279144538,
      0.8176922320852841,
      0.8151315495605461,
      0.8127817545416406,
      0.8186742055503907,
      0.8184701340609034,
      0.817328384283945,
      0.8080028051852711,
      0.7809404409451385
    ],
    "f1-score": [
      0.8601534420129746,
      0.8090715883304295,
      0.8531562944176402,
      0.8586808692414375,
      0.8421216881011969,
      0.8632053030086411,
      0.8599084118809407,
      0.8673783090751349,
      0.8640048761075702,
      0.8181623090733292
    ],
    "support": [
      21047.0,
      21047.0,
      21047.0,
      21047.0,
      21047.0,
      21047.0,
      21047.0,
      21047.0,
      21047.0,
      21047.0
    ]
  },
  "weighted avg": {
    "precision": [
      0.9969346234039168,
      0.9966031997559117,
      0.9969619704324263,
      0.9965878703730943,
      0.9974584224318174,
      0.9964247889548588,
      0.9970298069749193,
      0.9971526630124034,
      0.9972443845202233,
      0.9967353916838607
    ],
    "recall": [
      0.9970542120017104,
      0.9968641611631112,
      0.9971017247113603,
      0.9967216230341617,
      0.9976243645175085,
      0.9965790849052122,
      0.9971492374210101,
      0.99719675013066,
      0.9972917755499596,
      0.9969591865824108
    ],
    "f1-score": [
      0.9969438603984174,
      0.9966127117192137,
      0.9969918803879898,
      0.9965771262640838,
      0.9974581496925032,
      0.9964325616887632,
      0.9970171244045682,
      0.9970735720409789,
      0.9970943039793427,
      0.9967477193094924
    ],
    "support": [
      21047.0,
      21047.0,
      21047.0,
      21047.0,
      21047.0,
      21047.0,
      21047.0,
      21047.0,
      21047.0,
      21047.0
    ]
  },